Name,Path,Target
A_000,.\data\A\A_000.jpg,A
A_001,.\data\A\A_001.jpg,A
A_002,.\data\A\A_002.jpg,A
A_003,.\data\A\A_003.jpg,A
A_004,.\data\A\A_004.jpg,A
A_005,.\data\A\A_005.jpg,A
A_006,.\data\A\A_006.jpg,A
A_007,.\data\A\A_007.jpg,A
A_008,.\data\A\A_008.jpg,A
A_011,.\data\A\A_011.jpg,A
A_012,.\data\A\A_012.jpg,A
A_013,.\data\A\A_013.jpg,A
A_014,.\data\A\A_014.jpg,A
A_015,.\data\A\A_015.jpg,A
A_016,.\data\A\A_016.jpg,A
A_017,.\data\A\A_017.jpg,A
A_018,.\data\A\A_018.jpg,A
A_019,.\data\A\A_019.jpg,A
A_020,.\data\A\A_020.jpg,A
A_021,.\data\A\A_021.jpg,A
A_022,.\data\A\A_022.jpg,A
A_023,.\data\A\A_023.jpg,A
A_024,.\data\A\A_024.jpg,A
A_025,.\data\A\A_025.jpg,A
A_026,.\data\A\A_026.jpg,A
A_027,.\data\A\A_027.jpg,A
A_028,.\data\A\A_028.jpg,A
A_029,.\data\A\A_029.jpg,A
A_030,.\data\A\A_030.jpg,A
A_031,.\data\A\A_031.jpg,A
A_032,.\data\A\A_032.jpg,A
B_000,.\data\B\B_000.jpg,B
B_001,.\data\B\B_001.jpg,B
B_002,.\data\B\B_002.jpg,B
B_003,.\data\B\B_003.jpg,B
B_004,.\data\B\B_004.jpg,B
B_005,.\data\B\B_005.jpg,B
B_006,.\data\B\B_006.jpg,B
B_007,.\data\B\B_007.jpg,B
B_008,.\data\B\B_008.jpg,B
B_009,.\data\B\B_009.jpg,B
B_010,.\data\B\B_010.jpg,B
B_011,.\data\B\B_011.jpg,B
B_012,.\data\B\B_012.jpg,B
B_013,.\data\B\B_013.jpg,B
B_014,.\data\B\B_014.jpg,B
B_015,.\data\B\B_015.jpg,B
B_016,.\data\B\B_016.jpg,B
B_017,.\data\B\B_017.jpg,B
B_018,.\data\B\B_018.jpg,B
B_019,.\data\B\B_019.jpg,B
B_020,.\data\B\B_020.jpg,B
B_021,.\data\B\B_021.jpg,B
B_022,.\data\B\B_022.jpg,B
B_023,.\data\B\B_023.jpg,B
B_024,.\data\B\B_024.jpg,B
B_025,.\data\B\B_025.jpg,B
B_026,.\data\B\B_026.jpg,B
B_027,.\data\B\B_027.jpg,B
B_028,.\data\B\B_028.jpg,B
B_029,.\data\B\B_029.jpg,B
B_030,.\data\B\B_030.jpg,B
B_031,.\data\B\B_031.jpg,B
B_032,.\data\B\B_032.jpg,B
B_033,.\data\B\B_033.jpg,B
B_034,.\data\B\B_034.jpg,B
B_035,.\data\B\B_035.jpg,B
B_036,.\data\B\B_036.jpg,B
B_037,.\data\B\B_037.jpg,B
B_038,.\data\B\B_038.jpg,B
B_039,.\data\B\B_039.jpg,B
B_040,.\data\B\B_040.jpg,B
B_041,.\data\B\B_041.jpg,B
B_042,.\data\B\B_042.jpg,B
C_000,.\data\C\C_000.jpg,C
C_001,.\data\C\C_001.jpg,C
C_002,.\data\C\C_002.jpg,C
C_003,.\data\C\C_003.jpg,C
C_004,.\data\C\C_004.jpg,C
C_005,.\data\C\C_005.jpg,C
C_006,.\data\C\C_006.jpg,C
C_007,.\data\C\C_007.jpg,C
C_008,.\data\C\C_008.jpg,C
C_009,.\data\C\C_009.jpg,C
C_010,.\data\C\C_010.jpg,C
C_011,.\data\C\C_011.jpg,C
C_012,.\data\C\C_012.jpg,C
C_013,.\data\C\C_013.jpg,C
C_014,.\data\C\C_014.jpg,C
C_015,.\data\C\C_015.jpg,C
C_016,.\data\C\C_016.jpg,C
C_017,.\data\C\C_017.jpg,C
C_018,.\data\C\C_018.jpg,C
C_019,.\data\C\C_019.jpg,C
C_020,.\data\C\C_020.jpg,C
C_021,.\data\C\C_021.jpg,C
C_022,.\data\C\C_022.jpg,C
C_023,.\data\C\C_023.jpg,C
C_024,.\data\C\C_024.jpg,C
C_025,.\data\C\C_025.jpg,C
C_026,.\data\C\C_026.jpg,C
C_027,.\data\C\C_027.jpg,C
C_028,.\data\C\C_028.jpg,C
C_029,.\data\C\C_029.jpg,C
C_030,.\data\C\C_030.jpg,C
C_031,.\data\C\C_031.jpg,C
D_000,.\data\D\D_000.jpg,D
D_001,.\data\D\D_001.jpg,D
D_002,.\data\D\D_002.jpg,D
D_003,.\data\D\D_003.jpg,D
D_004,.\data\D\D_004.jpg,D
D_005,.\data\D\D_005.jpg,D
D_006,.\data\D\D_006.jpg,D
D_007,.\data\D\D_007.jpg,D
D_008,.\data\D\D_008.jpg,D
D_009,.\data\D\D_009.jpg,D
D_010,.\data\D\D_010.jpg,D
D_011,.\data\D\D_011.jpg,D
D_012,.\data\D\D_012.jpg,D
D_013,.\data\D\D_013.jpg,D
D_014,.\data\D\D_014.jpg,D
D_015,.\data\D\D_015.jpg,D
D_016,.\data\D\D_016.jpg,D
D_017,.\data\D\D_017.jpg,D
D_018,.\data\D\D_018.jpg,D
D_019,.\data\D\D_019.jpg,D
D_020,.\data\D\D_020.jpg,D
D_021,.\data\D\D_021.jpg,D
D_022,.\data\D\D_022.jpg,D
D_023,.\data\D\D_023.jpg,D
D_024,.\data\D\D_024.jpg,D
D_025,.\data\D\D_025.jpg,D
D_026,.\data\D\D_026.jpg,D
D_027,.\data\D\D_027.jpg,D
D_028,.\data\D\D_028.jpg,D
D_029,.\data\D\D_029.jpg,D
D_030,.\data\D\D_030.jpg,D
D_031,.\data\D\D_031.jpg,D
D_032,.\data\D\D_032.jpg,D
D_033,.\data\D\D_033.jpg,D
D_034,.\data\D\D_034.jpg,D
D_035,.\data\D\D_035.jpg,D
D_036,.\data\D\D_036.jpg,D
D_037,.\data\D\D_037.jpg,D
D_038,.\data\D\D_038.jpg,D
D_039,.\data\D\D_039.jpg,D
D_040,.\data\D\D_040.jpg,D
E_000,.\data\E\E_000.jpg,E
E_001,.\data\E\E_001.jpg,E
E_002,.\data\E\E_002.jpg,E
E_003,.\data\E\E_003.jpg,E
E_004,.\data\E\E_004.jpg,E
E_005,.\data\E\E_005.jpg,E
E_006,.\data\E\E_006.jpg,E
E_007,.\data\E\E_007.jpg,E
E_008,.\data\E\E_008.jpg,E
E_009,.\data\E\E_009.jpg,E
E_010,.\data\E\E_010.jpg,E
E_011,.\data\E\E_011.jpg,E
E_012,.\data\E\E_012.jpg,E
E_013,.\data\E\E_013.jpg,E
E_014,.\data\E\E_014.jpg,E
E_015,.\data\E\E_015.jpg,E
E_016,.\data\E\E_016.jpg,E
E_017,.\data\E\E_017.jpg,E
E_018,.\data\E\E_018.jpg,E
E_019,.\data\E\E_019.jpg,E
E_020,.\data\E\E_020.jpg,E
E_021,.\data\E\E_021.jpg,E
E_022,.\data\E\E_022.jpg,E
E_023,.\data\E\E_023.jpg,E
E_024,.\data\E\E_024.jpg,E
E_025,.\data\E\E_025.jpg,E
E_026,.\data\E\E_026.jpg,E
E_027,.\data\E\E_027.jpg,E
E_028,.\data\E\E_028.jpg,E
E_029,.\data\E\E_029.jpg,E
E_030,.\data\E\E_030.jpg,E
E_031,.\data\E\E_031.jpg,E
E_032,.\data\E\E_032.jpg,E
E_033,.\data\E\E_033.jpg,E
E_034,.\data\E\E_034.jpg,E
F_000,.\data\F\F_000.jpg,F
F_001,.\data\F\F_001.jpg,F
F_002,.\data\F\F_002.jpg,F
F_003,.\data\F\F_003.jpg,F
F_004,.\data\F\F_004.jpg,F
F_005,.\data\F\F_005.jpg,F
F_006,.\data\F\F_006.jpg,F
F_007,.\data\F\F_007.jpg,F
F_008,.\data\F\F_008.jpg,F
F_009,.\data\F\F_009.jpg,F
F_010,.\data\F\F_010.jpg,F
F_011,.\data\F\F_011.jpg,F
F_012,.\data\F\F_012.jpg,F
F_013,.\data\F\F_013.jpg,F
F_014,.\data\F\F_014.jpg,F
F_015,.\data\F\F_015.jpg,F
F_016,.\data\F\F_016.jpg,F
F_017,.\data\F\F_017.jpg,F
F_018,.\data\F\F_018.jpg,F
F_019,.\data\F\F_019.jpg,F
F_020,.\data\F\F_020.jpg,F
F_021,.\data\F\F_021.jpg,F
F_022,.\data\F\F_022.jpg,F
F_023,.\data\F\F_023.jpg,F
F_024,.\data\F\F_024.jpg,F
F_025,.\data\F\F_025.jpg,F
F_026,.\data\F\F_026.jpg,F
F_027,.\data\F\F_027.jpg,F
F_028,.\data\F\F_028.jpg,F
F_029,.\data\F\F_029.jpg,F
F_030,.\data\F\F_030.jpg,F
F_031,.\data\F\F_031.jpg,F
F_032,.\data\F\F_032.jpg,F
F_033,.\data\F\F_033.jpg,F
F_034,.\data\F\F_034.jpg,F
G_000,.\data\G\G_000.jpg,G
G_001,.\data\G\G_001.jpg,G
G_002,.\data\G\G_002.jpg,G
G_003,.\data\G\G_003.jpg,G
G_004,.\data\G\G_004.jpg,G
G_005,.\data\G\G_005.jpg,G
G_006,.\data\G\G_006.jpg,G
G_007,.\data\G\G_007.jpg,G
G_008,.\data\G\G_008.jpg,G
G_009,.\data\G\G_009.jpg,G
G_010,.\data\G\G_010.jpg,G
G_011,.\data\G\G_011.jpg,G
G_012,.\data\G\G_012.jpg,G
G_013,.\data\G\G_013.jpg,G
G_014,.\data\G\G_014.jpg,G
G_015,.\data\G\G_015.jpg,G
G_016,.\data\G\G_016.jpg,G
G_017,.\data\G\G_017.jpg,G
G_018,.\data\G\G_018.jpg,G
G_019,.\data\G\G_019.jpg,G
G_020,.\data\G\G_020.jpg,G
G_021,.\data\G\G_021.jpg,G
G_022,.\data\G\G_022.jpg,G
G_023,.\data\G\G_023.jpg,G
G_024,.\data\G\G_024.jpg,G
G_025,.\data\G\G_025.jpg,G
G_026,.\data\G\G_026.jpg,G
G_027,.\data\G\G_027.jpg,G
G_028,.\data\G\G_028.jpg,G
G_029,.\data\G\G_029.jpg,G
G_030,.\data\G\G_030.jpg,G
G_031,.\data\G\G_031.jpg,G
G_032,.\data\G\G_032.jpg,G
G_033,.\data\G\G_033.jpg,G
G_034,.\data\G\G_034.jpg,G
G_035,.\data\G\G_035.jpg,G
G_036,.\data\G\G_036.jpg,G
G_037,.\data\G\G_037.jpg,G
G_038,.\data\G\G_038.jpg,G
H_000,.\data\H\H_000.jpg,H
H_001,.\data\H\H_001.jpg,H
H_002,.\data\H\H_002.jpg,H
H_003,.\data\H\H_003.jpg,H
H_004,.\data\H\H_004.jpg,H
H_005,.\data\H\H_005.jpg,H
H_006,.\data\H\H_006.jpg,H
H_007,.\data\H\H_007.jpg,H
H_008,.\data\H\H_008.jpg,H
H_009,.\data\H\H_009.jpg,H
H_010,.\data\H\H_010.jpg,H
H_011,.\data\H\H_011.jpg,H
H_012,.\data\H\H_012.jpg,H
H_013,.\data\H\H_013.jpg,H
H_014,.\data\H\H_014.jpg,H
H_015,.\data\H\H_015.jpg,H
H_016,.\data\H\H_016.jpg,H
H_017,.\data\H\H_017.jpg,H
H_018,.\data\H\H_018.jpg,H
H_019,.\data\H\H_019.jpg,H
H_020,.\data\H\H_020.jpg,H
H_021,.\data\H\H_021.jpg,H
H_022,.\data\H\H_022.jpg,H
H_023,.\data\H\H_023.jpg,H
H_024,.\data\H\H_024.jpg,H
H_025,.\data\H\H_025.jpg,H
H_026,.\data\H\H_026.jpg,H
H_027,.\data\H\H_027.jpg,H
I_000,.\data\I\I_000.jpg,I
I_001,.\data\I\I_001.jpg,I
I_002,.\data\I\I_002.jpg,I
I_003,.\data\I\I_003.jpg,I
I_004,.\data\I\I_004.jpg,I
I_005,.\data\I\I_005.jpg,I
I_006,.\data\I\I_006.jpg,I
I_007,.\data\I\I_007.jpg,I
I_008,.\data\I\I_008.jpg,I
I_009,.\data\I\I_009.jpg,I
I_010,.\data\I\I_010.jpg,I
I_011,.\data\I\I_011.jpg,I
I_012,.\data\I\I_012.jpg,I
I_013,.\data\I\I_013.jpg,I
I_014,.\data\I\I_014.jpg,I
I_015,.\data\I\I_015.jpg,I
I_016,.\data\I\I_016.jpg,I
I_017,.\data\I\I_017.jpg,I
I_018,.\data\I\I_018.jpg,I
I_019,.\data\I\I_019.jpg,I
I_020,.\data\I\I_020.jpg,I
I_021,.\data\I\I_021.jpg,I
I_022,.\data\I\I_022.jpg,I
I_023,.\data\I\I_023.jpg,I
I_024,.\data\I\I_024.jpg,I
I_025,.\data\I\I_025.jpg,I
I_026,.\data\I\I_026.jpg,I
I_027,.\data\I\I_027.jpg,I
I_028,.\data\I\I_028.jpg,I
J_000,.\data\J\J_000.jpg,J
J_001,.\data\J\J_001.jpg,J
J_002,.\data\J\J_002.jpg,J
J_003,.\data\J\J_003.jpg,J
J_004,.\data\J\J_004.jpg,J
J_005,.\data\J\J_005.jpg,J
J_006,.\data\J\J_006.jpg,J
J_007,.\data\J\J_007.jpg,J
J_008,.\data\J\J_008.jpg,J
J_009,.\data\J\J_009.jpg,J
J_010,.\data\J\J_010.jpg,J
J_011,.\data\J\J_011.jpg,J
J_012,.\data\J\J_012.jpg,J
J_013,.\data\J\J_013.jpg,J
J_014,.\data\J\J_014.jpg,J
J_015,.\data\J\J_015.jpg,J
J_016,.\data\J\J_016.jpg,J
J_017,.\data\J\J_017.jpg,J
J_018,.\data\J\J_018.jpg,J
J_019,.\data\J\J_019.jpg,J
J_020,.\data\J\J_020.jpg,J
J_021,.\data\J\J_021.jpg,J
J_022,.\data\J\J_022.jpg,J
J_023,.\data\J\J_023.jpg,J
J_024,.\data\J\J_024.jpg,J
J_025,.\data\J\J_025.jpg,J
K_000,.\data\K\K_000.jpg,K
K_001,.\data\K\K_001.jpg,K
K_002,.\data\K\K_002.jpg,K
K_003,.\data\K\K_003.jpg,K
K_004,.\data\K\K_004.jpg,K
K_005,.\data\K\K_005.jpg,K
K_006,.\data\K\K_006.jpg,K
K_007,.\data\K\K_007.jpg,K
K_008,.\data\K\K_008.jpg,K
K_009,.\data\K\K_009.jpg,K
K_010,.\data\K\K_010.jpg,K
K_011,.\data\K\K_011.jpg,K
K_012,.\data\K\K_012.jpg,K
K_013,.\data\K\K_013.jpg,K
K_014,.\data\K\K_014.jpg,K
K_015,.\data\K\K_015.jpg,K
K_016,.\data\K\K_016.jpg,K
K_017,.\data\K\K_017.jpg,K
K_018,.\data\K\K_018.jpg,K
K_019,.\data\K\K_019.jpg,K
K_020,.\data\K\K_020.jpg,K
L_000,.\data\L\L_000.jpg,L
L_001,.\data\L\L_001.jpg,L
L_002,.\data\L\L_002.jpg,L
L_003,.\data\L\L_003.jpg,L
L_004,.\data\L\L_004.jpg,L
L_005,.\data\L\L_005.jpg,L
L_006,.\data\L\L_006.jpg,L
L_007,.\data\L\L_007.jpg,L
L_008,.\data\L\L_008.jpg,L
L_009,.\data\L\L_009.jpg,L
L_010,.\data\L\L_010.jpg,L
L_011,.\data\L\L_011.jpg,L
L_012,.\data\L\L_012.jpg,L
L_013,.\data\L\L_013.jpg,L
L_014,.\data\L\L_014.jpg,L
L_015,.\data\L\L_015.jpg,L
L_016,.\data\L\L_016.jpg,L
L_017,.\data\L\L_017.jpg,L
L_018,.\data\L\L_018.jpg,L
L_019,.\data\L\L_019.jpg,L
L_020,.\data\L\L_020.jpg,L
L_021,.\data\L\L_021.jpg,L
L_022,.\data\L\L_022.jpg,L
L_023,.\data\L\L_023.jpg,L
L_024,.\data\L\L_024.jpg,L
L_025,.\data\L\L_025.jpg,L
L_026,.\data\L\L_026.jpg,L
L_027,.\data\L\L_027.jpg,L
M_000,.\data\M\M_000.jpg,M
M_001,.\data\M\M_001.jpg,M
M_002,.\data\M\M_002.jpg,M
M_003,.\data\M\M_003.jpg,M
M_004,.\data\M\M_004.jpg,M
M_005,.\data\M\M_005.jpg,M
M_006,.\data\M\M_006.jpg,M
M_007,.\data\M\M_007.jpg,M
M_008,.\data\M\M_008.jpg,M
M_009,.\data\M\M_009.jpg,M
M_010,.\data\M\M_010.jpg,M
M_011,.\data\M\M_011.jpg,M
M_012,.\data\M\M_012.jpg,M
M_013,.\data\M\M_013.jpg,M
M_014,.\data\M\M_014.jpg,M
M_015,.\data\M\M_015.jpg,M
M_016,.\data\M\M_016.jpg,M
M_017,.\data\M\M_017.jpg,M
M_018,.\data\M\M_018.jpg,M
M_019,.\data\M\M_019.jpg,M
M_020,.\data\M\M_020.jpg,M
M_021,.\data\M\M_021.jpg,M
M_022,.\data\M\M_022.jpg,M
M_023,.\data\M\M_023.jpg,M
M_024,.\data\M\M_024.jpg,M
M_025,.\data\M\M_025.jpg,M
M_026,.\data\M\M_026.jpg,M
M_027,.\data\M\M_027.jpg,M
M_028,.\data\M\M_028.jpg,M
M_029,.\data\M\M_029.jpg,M
M_030,.\data\M\M_030.jpg,M
M_031,.\data\M\M_031.jpg,M
M_032,.\data\M\M_032.jpg,M
M_033,.\data\M\M_033.jpg,M
M_034,.\data\M\M_034.jpg,M
M_035,.\data\M\M_035.jpg,M
M_036,.\data\M\M_036.jpg,M
M_037,.\data\M\M_037.jpg,M
N_000,.\data\N\N_000.jpg,N
N_001,.\data\N\N_001.jpg,N
N_002,.\data\N\N_002.jpg,N
N_003,.\data\N\N_003.jpg,N
N_004,.\data\N\N_004.jpg,N
N_005,.\data\N\N_005.jpg,N
N_006,.\data\N\N_006.jpg,N
N_007,.\data\N\N_007.jpg,N
N_008,.\data\N\N_008.jpg,N
N_009,.\data\N\N_009.jpg,N
N_010,.\data\N\N_010.jpg,N
N_011,.\data\N\N_011.jpg,N
N_012,.\data\N\N_012.jpg,N
N_013,.\data\N\N_013.jpg,N
N_014,.\data\N\N_014.jpg,N
N_015,.\data\N\N_015.jpg,N
N_016,.\data\N\N_016.jpg,N
N_017,.\data\N\N_017.jpg,N
N_018,.\data\N\N_018.jpg,N
N_019,.\data\N\N_019.jpg,N
N_020,.\data\N\N_020.jpg,N
N_021,.\data\N\N_021.jpg,N
N_022,.\data\N\N_022.jpg,N
N_023,.\data\N\N_023.jpg,N
N_024,.\data\N\N_024.jpg,N
N_025,.\data\N\N_025.jpg,N
N_026,.\data\N\N_026.jpg,N
N_027,.\data\N\N_027.jpg,N
N_028,.\data\N\N_028.jpg,N
N_029,.\data\N\N_029.jpg,N
N_030,.\data\N\N_030.jpg,N
N_031,.\data\N\N_031.jpg,N
O_000,.\data\O\O_000.jpg,O
O_001,.\data\O\O_001.jpg,O
O_002,.\data\O\O_002.jpg,O
O_003,.\data\O\O_003.jpg,O
O_004,.\data\O\O_004.jpg,O
O_005,.\data\O\O_005.jpg,O
O_006,.\data\O\O_006.jpg,O
O_007,.\data\O\O_007.jpg,O
O_008,.\data\O\O_008.jpg,O
O_009,.\data\O\O_009.jpg,O
O_010,.\data\O\O_010.jpg,O
O_011,.\data\O\O_011.jpg,O
O_012,.\data\O\O_012.jpg,O
O_013,.\data\O\O_013.jpg,O
O_014,.\data\O\O_014.jpg,O
O_015,.\data\O\O_015.jpg,O
O_016,.\data\O\O_016.jpg,O
O_017,.\data\O\O_017.jpg,O
O_018,.\data\O\O_018.jpg,O
O_019,.\data\O\O_019.jpg,O
O_020,.\data\O\O_020.jpg,O
O_021,.\data\O\O_021.jpg,O
O_022,.\data\O\O_022.jpg,O
O_023,.\data\O\O_023.jpg,O
O_024,.\data\O\O_024.jpg,O
O_025,.\data\O\O_025.jpg,O
O_026,.\data\O\O_026.jpg,O
O_027,.\data\O\O_027.jpg,O
O_028,.\data\O\O_028.jpg,O
O_029,.\data\O\O_029.jpg,O
O_030,.\data\O\O_030.jpg,O
P_000,.\data\P\P_000.jpg,P
P_001,.\data\P\P_001.jpg,P
P_002,.\data\P\P_002.jpg,P
P_003,.\data\P\P_003.jpg,P
P_004,.\data\P\P_004.jpg,P
P_005,.\data\P\P_005.jpg,P
P_006,.\data\P\P_006.jpg,P
P_007,.\data\P\P_007.jpg,P
P_008,.\data\P\P_008.jpg,P
P_009,.\data\P\P_009.jpg,P
Q_000,.\data\Q\Q_000.jpg,Q
Q_001,.\data\Q\Q_001.jpg,Q
Q_002,.\data\Q\Q_002.jpg,Q
Q_003,.\data\Q\Q_003.jpg,Q
Q_004,.\data\Q\Q_004.jpg,Q
Q_005,.\data\Q\Q_005.jpg,Q
Q_006,.\data\Q\Q_006.jpg,Q
Q_007,.\data\Q\Q_007.jpg,Q
Q_008,.\data\Q\Q_008.jpg,Q
Q_009,.\data\Q\Q_009.jpg,Q
Q_010,.\data\Q\Q_010.jpg,Q
Q_011,.\data\Q\Q_011.jpg,Q
Q_012,.\data\Q\Q_012.jpg,Q
Q_013,.\data\Q\Q_013.jpg,Q
Q_014,.\data\Q\Q_014.jpg,Q
Q_015,.\data\Q\Q_015.jpg,Q
Q_016,.\data\Q\Q_016.jpg,Q
Q_017,.\data\Q\Q_017.jpg,Q
Q_018,.\data\Q\Q_018.jpg,Q
Q_019,.\data\Q\Q_019.jpg,Q
Q_020,.\data\Q\Q_020.jpg,Q
Q_021,.\data\Q\Q_021.jpg,Q
Q_022,.\data\Q\Q_022.jpg,Q
Q_023,.\data\Q\Q_023.jpg,Q
Q_024,.\data\Q\Q_024.jpg,Q
Q_025,.\data\Q\Q_025.jpg,Q
Q_026,.\data\Q\Q_026.jpg,Q
Q_027,.\data\Q\Q_027.jpg,Q
Q_028,.\data\Q\Q_028.jpg,Q
Q_029,.\data\Q\Q_029.jpg,Q
Q_030,.\data\Q\Q_030.jpg,Q
R_000,.\data\R\R_000.jpg,R
R_001,.\data\R\R_001.jpg,R
R_002,.\data\R\R_002.jpg,R
R_003,.\data\R\R_003.jpg,R
R_004,.\data\R\R_004.jpg,R
R_005,.\data\R\R_005.jpg,R
R_006,.\data\R\R_006.jpg,R
R_007,.\data\R\R_007.jpg,R
R_008,.\data\R\R_008.jpg,R
R_009,.\data\R\R_009.jpg,R
R_010,.\data\R\R_010.jpg,R
R_011,.\data\R\R_011.jpg,R
R_012,.\data\R\R_012.jpg,R
R_013,.\data\R\R_013.jpg,R
R_014,.\data\R\R_014.jpg,R
R_015,.\data\R\R_015.jpg,R
R_016,.\data\R\R_016.jpg,R
R_017,.\data\R\R_017.jpg,R
R_018,.\data\R\R_018.jpg,R
R_019,.\data\R\R_019.jpg,R
R_020,.\data\R\R_020.jpg,R
R_021,.\data\R\R_021.jpg,R
R_022,.\data\R\R_022.jpg,R
R_023,.\data\R\R_023.jpg,R
R_024,.\data\R\R_024.jpg,R
R_025,.\data\R\R_025.jpg,R
R_026,.\data\R\R_026.jpg,R
R_027,.\data\R\R_027.jpg,R
R_028,.\data\R\R_028.jpg,R
R_029,.\data\R\R_029.jpg,R
R_030,.\data\R\R_030.jpg,R
S_000,.\data\S\S_000.jpg,S
S_001,.\data\S\S_001.jpg,S
S_002,.\data\S\S_002.jpg,S
S_003,.\data\S\S_003.jpg,S
S_004,.\data\S\S_004.jpg,S
S_005,.\data\S\S_005.jpg,S
S_006,.\data\S\S_006.jpg,S
S_007,.\data\S\S_007.jpg,S
S_008,.\data\S\S_008.jpg,S
S_009,.\data\S\S_009.jpg,S
S_010,.\data\S\S_010.jpg,S
S_011,.\data\S\S_011.jpg,S
S_012,.\data\S\S_012.jpg,S
S_013,.\data\S\S_013.jpg,S
S_014,.\data\S\S_014.jpg,S
S_015,.\data\S\S_015.jpg,S
S_016,.\data\S\S_016.jpg,S
S_017,.\data\S\S_017.jpg,S
S_018,.\data\S\S_018.jpg,S
S_019,.\data\S\S_019.jpg,S
S_020,.\data\S\S_020.jpg,S
S_021,.\data\S\S_021.jpg,S
S_022,.\data\S\S_022.jpg,S
S_023,.\data\S\S_023.jpg,S
S_024,.\data\S\S_024.jpg,S
T_000,.\data\T\T_000.jpg,T
T_001,.\data\T\T_001.jpg,T
T_002,.\data\T\T_002.jpg,T
T_003,.\data\T\T_003.jpg,T
T_004,.\data\T\T_004.jpg,T
T_005,.\data\T\T_005.jpg,T
T_006,.\data\T\T_006.jpg,T
T_007,.\data\T\T_007.jpg,T
T_008,.\data\T\T_008.jpg,T
T_009,.\data\T\T_009.jpg,T
T_010,.\data\T\T_010.jpg,T
T_011,.\data\T\T_011.jpg,T
T_012,.\data\T\T_012.jpg,T
T_013,.\data\T\T_013.jpg,T
T_014,.\data\T\T_014.jpg,T
T_015,.\data\T\T_015.jpg,T
T_016,.\data\T\T_016.jpg,T
T_017,.\data\T\T_017.jpg,T
T_018,.\data\T\T_018.jpg,T
T_019,.\data\T\T_019.jpg,T
T_020,.\data\T\T_020.jpg,T
T_021,.\data\T\T_021.jpg,T
T_022,.\data\T\T_022.jpg,T
T_023,.\data\T\T_023.jpg,T
T_024,.\data\T\T_024.jpg,T
T_025,.\data\T\T_025.jpg,T
T_026,.\data\T\T_026.jpg,T
T_027,.\data\T\T_027.jpg,T
T_028,.\data\T\T_028.jpg,T
T_029,.\data\T\T_029.jpg,T
T_030,.\data\T\T_030.jpg,T
U_000,.\data\U\U_000.jpg,U
U_001,.\data\U\U_001.jpg,U
U_002,.\data\U\U_002.jpg,U
U_003,.\data\U\U_003.jpg,U
U_004,.\data\U\U_004.jpg,U
U_005,.\data\U\U_005.jpg,U
U_006,.\data\U\U_006.jpg,U
U_007,.\data\U\U_007.jpg,U
U_008,.\data\U\U_008.jpg,U
U_009,.\data\U\U_009.jpg,U
U_010,.\data\U\U_010.jpg,U
U_011,.\data\U\U_011.jpg,U
U_012,.\data\U\U_012.jpg,U
U_013,.\data\U\U_013.jpg,U
U_014,.\data\U\U_014.jpg,U
U_015,.\data\U\U_015.jpg,U
U_016,.\data\U\U_016.jpg,U
U_017,.\data\U\U_017.jpg,U
U_018,.\data\U\U_018.jpg,U
U_019,.\data\U\U_019.jpg,U
U_020,.\data\U\U_020.jpg,U
U_021,.\data\U\U_021.jpg,U
U_022,.\data\U\U_022.jpg,U
U_023,.\data\U\U_023.jpg,U
U_024,.\data\U\U_024.jpg,U
U_025,.\data\U\U_025.jpg,U
U_026,.\data\U\U_026.jpg,U
V_000,.\data\V\V_000.jpg,V
V_001,.\data\V\V_001.jpg,V
V_002,.\data\V\V_002.jpg,V
V_003,.\data\V\V_003.jpg,V
V_004,.\data\V\V_004.jpg,V
V_005,.\data\V\V_005.jpg,V
V_006,.\data\V\V_006.jpg,V
V_007,.\data\V\V_007.jpg,V
V_008,.\data\V\V_008.jpg,V
V_009,.\data\V\V_009.jpg,V
V_010,.\data\V\V_010.jpg,V
V_011,.\data\V\V_011.jpg,V
V_012,.\data\V\V_012.jpg,V
V_013,.\data\V\V_013.jpg,V
V_014,.\data\V\V_014.jpg,V
V_015,.\data\V\V_015.jpg,V
V_016,.\data\V\V_016.jpg,V
V_017,.\data\V\V_017.jpg,V
V_018,.\data\V\V_018.jpg,V
V_019,.\data\V\V_019.jpg,V
V_020,.\data\V\V_020.jpg,V
V_021,.\data\V\V_021.jpg,V
V_022,.\data\V\V_022.jpg,V
V_023,.\data\V\V_023.jpg,V
V_024,.\data\V\V_024.jpg,V
V_025,.\data\V\V_025.jpg,V
W_000,.\data\W\W_000.jpg,W
W_001,.\data\W\W_001.jpg,W
W_002,.\data\W\W_002.jpg,W
W_003,.\data\W\W_003.jpg,W
W_004,.\data\W\W_004.jpg,W
W_005,.\data\W\W_005.jpg,W
W_006,.\data\W\W_006.jpg,W
W_007,.\data\W\W_007.jpg,W
W_008,.\data\W\W_008.jpg,W
W_009,.\data\W\W_009.jpg,W
W_010,.\data\W\W_010.jpg,W
W_011,.\data\W\W_011.jpg,W
W_012,.\data\W\W_012.jpg,W
W_013,.\data\W\W_013.jpg,W
W_014,.\data\W\W_014.jpg,W
W_015,.\data\W\W_015.jpg,W
W_016,.\data\W\W_016.jpg,W
W_017,.\data\W\W_017.jpg,W
W_018,.\data\W\W_018.jpg,W
W_019,.\data\W\W_019.jpg,W
W_020,.\data\W\W_020.jpg,W
W_021,.\data\W\W_021.jpg,W
W_022,.\data\W\W_022.jpg,W
W_023,.\data\W\W_023.jpg,W
W_024,.\data\W\W_024.jpg,W
W_025,.\data\W\W_025.jpg,W
W_026,.\data\W\W_026.jpg,W
W_027,.\data\W\W_027.jpg,W
W_028,.\data\W\W_028.jpg,W
W_029,.\data\W\W_029.jpg,W
W_030,.\data\W\W_030.jpg,W
W_031,.\data\W\W_031.jpg,W
W_032,.\data\W\W_032.jpg,W
W_033,.\data\W\W_033.jpg,W
W_034,.\data\W\W_034.jpg,W
X_000,.\data\X\X_000.jpg,X
X_001,.\data\X\X_001.jpg,X
X_002,.\data\X\X_002.jpg,X
X_003,.\data\X\X_003.jpg,X
X_004,.\data\X\X_004.jpg,X
X_005,.\data\X\X_005.jpg,X
X_006,.\data\X\X_006.jpg,X
X_007,.\data\X\X_007.jpg,X
X_008,.\data\X\X_008.jpg,X
X_009,.\data\X\X_009.jpg,X
X_010,.\data\X\X_010.jpg,X
X_011,.\data\X\X_011.jpg,X
X_012,.\data\X\X_012.jpg,X
X_013,.\data\X\X_013.jpg,X
X_014,.\data\X\X_014.jpg,X
X_015,.\data\X\X_015.jpg,X
X_016,.\data\X\X_016.jpg,X
X_017,.\data\X\X_017.jpg,X
X_018,.\data\X\X_018.jpg,X
X_019,.\data\X\X_019.jpg,X
X_020,.\data\X\X_020.jpg,X
X_021,.\data\X\X_021.jpg,X
X_022,.\data\X\X_022.jpg,X
X_023,.\data\X\X_023.jpg,X
X_024,.\data\X\X_024.jpg,X
X_025,.\data\X\X_025.jpg,X
X_026,.\data\X\X_026.jpg,X
Y_000,.\data\Y\Y_000.jpg,Y
Y_001,.\data\Y\Y_001.jpg,Y
Y_002,.\data\Y\Y_002.jpg,Y
Y_003,.\data\Y\Y_003.jpg,Y
Y_004,.\data\Y\Y_004.jpg,Y
Y_005,.\data\Y\Y_005.jpg,Y
Y_006,.\data\Y\Y_006.jpg,Y
Y_007,.\data\Y\Y_007.jpg,Y
Y_008,.\data\Y\Y_008.jpg,Y
Y_009,.\data\Y\Y_009.jpg,Y
Y_010,.\data\Y\Y_010.jpg,Y
Y_011,.\data\Y\Y_011.jpg,Y
Y_012,.\data\Y\Y_012.jpg,Y
Y_013,.\data\Y\Y_013.jpg,Y
Y_014,.\data\Y\Y_014.jpg,Y
Y_015,.\data\Y\Y_015.jpg,Y
Y_016,.\data\Y\Y_016.jpg,Y
Y_017,.\data\Y\Y_017.jpg,Y
Y_018,.\data\Y\Y_018.jpg,Y
Y_019,.\data\Y\Y_019.jpg,Y
Y_020,.\data\Y\Y_020.jpg,Y
Y_021,.\data\Y\Y_021.jpg,Y
Y_022,.\data\Y\Y_022.jpg,Y
Y_023,.\data\Y\Y_023.jpg,Y
Y_024,.\data\Y\Y_024.jpg,Y
Y_025,.\data\Y\Y_025.jpg,Y
Y_026,.\data\Y\Y_026.jpg,Y
Y_027,.\data\Y\Y_027.jpg,Y
Y_028,.\data\Y\Y_028.jpg,Y
Y_029,.\data\Y\Y_029.jpg,Y
Y_030,.\data\Y\Y_030.jpg,Y
Y_031,.\data\Y\Y_031.jpg,Y
Y_032,.\data\Y\Y_032.jpg,Y
Y_033,.\data\Y\Y_033.jpg,Y
Y_034,.\data\Y\Y_034.jpg,Y
Y_035,.\data\Y\Y_035.jpg,Y
Z_000,.\data\Z\Z_000.jpg,Z
Z_001,.\data\Z\Z_001.jpg,Z
Z_002,.\data\Z\Z_002.jpg,Z
Z_003,.\data\Z\Z_003.jpg,Z
Z_004,.\data\Z\Z_004.jpg,Z
Z_005,.\data\Z\Z_005.jpg,Z
Z_006,.\data\Z\Z_006.jpg,Z
Z_007,.\data\Z\Z_007.jpg,Z
Z_008,.\data\Z\Z_008.jpg,Z
Z_009,.\data\Z\Z_009.jpg,Z
Z_010,.\data\Z\Z_010.jpg,Z
Z_011,.\data\Z\Z_011.jpg,Z
Z_012,.\data\Z\Z_012.jpg,Z
Z_013,.\data\Z\Z_013.jpg,Z
Z_014,.\data\Z\Z_014.jpg,Z
Z_015,.\data\Z\Z_015.jpg,Z
Z_016,.\data\Z\Z_016.jpg,Z
Z_017,.\data\Z\Z_017.jpg,Z
Z_018,.\data\Z\Z_018.jpg,Z
Z_019,.\data\Z\Z_019.jpg,Z
Z_020,.\data\Z\Z_020.jpg,Z
Z_021,.\data\Z\Z_021.jpg,Z
Z_022,.\data\Z\Z_022.jpg,Z
Z_023,.\data\Z\Z_023.jpg,Z
Z_024,.\data\Z\Z_024.jpg,Z
Z_025,.\data\Z\Z_025.jpg,Z
Z_026,.\data\Z\Z_026.jpg,Z
Z_027,.\data\Z\Z_027.jpg,Z
Z_028,.\data\Z\Z_028.jpg,Z
Z_029,.\data\Z\Z_029.jpg,Z
Z_030,.\data\Z\Z_030.jpg,Z
Z_031,.\data\Z\Z_031.jpg,Z
